state,district,total_ipc_crimes,murder,rape,kidnapping,robbery,theft,riots,cheating,population_lakhs,crime_rate,risk_label,risk_label_numeric,murder_rate,rape_rate,kidnapping_rate,robbery_rate,theft_rate,riots_rate,cheating_rate,crime_severity_index,crime_diversity_score,tourist_risk_score
Andhra_Pradesh,Anantapur,4521,28,85,42,18,320,45,180,41.0,110.3,Safe,0,0.6829268292682927,2.073170731707317,1.024390243902439,0.43902439024390244,7.804878048780488,1.0975609756097562,4.390243902439025,0.15261851856792932,0,0.14352015934775383
Andhra_Pradesh,Chittoor,6234,35,92,55,22,410,62,220,43.5,143.3,Moderate,1,0.8045977011494253,2.1149425287356323,1.264367816091954,0.5057471264367817,9.425287356321839,1.4252873563218391,5.057471264367816,0.272921569937337,0,0.2788111863198179
Andhra_Pradesh,East_Godavari,8912,42,115,68,28,520,78,310,52.0,171.4,Moderate,1,0.8076923076923077,2.2115384615384617,1.3076923076923077,0.5384615384615385,10.0,1.5,5.961538461538462,0.3275227511413656,5,0.3570803088363811
Andhra_Pradesh,Guntur,7845,38,98,61,25,480,70,285,49.2,159.5,Moderate,1,0.7723577235772358,1.9918699186991868,1.2398373983739837,0.5081300813008129,9.75609756097561,1.4227642276422765,5.7926829268292686,0.26600297797681194,1,0.31145498939521277
Andhra_Pradesh,Krishna,9123,45,120,72,32,550,82,340,47.5,192.1,High,2,0.9473684210526315,2.526315789473684,1.5157894736842106,0.6736842105263158,11.578947368421053,1.7263157894736842,7.157894736842105,0.49875423474389596,7,0.5377148942927249
Andhra_Pradesh,Kurnool,5678,32,88,48,20,380,55,195,43.0,132.0,Safe,0,0.7441860465116279,2.046511627906977,1.1162790697674418,0.46511627906976744,8.837209302325581,1.2790697674418605,4.534883720930233,0.20397737074347166,0,0.21001855213838816
Andhra_Pradesh,Nellore,6890,36,95,58,24,445,65,255,31.5,218.7,Moderate,1,1.1428571428571428,3.015873015873016,1.8412698412698412,0.7619047619047619,14.126984126984127,2.0634920634920633,8.095238095238095,0.7349905499076549,0,0.7810822242126157
Andhra_Pradesh,Prakasam,4890,30,82,45,19,340,48,175,35.0,139.7,Safe,0,0.8571428571428571,2.342857142857143,1.2857142857142856,0.5428571428571428,9.714285714285714,1.3714285714285714,5.0,0.32407501856294885,0,0.31732457691038496
Andhra_Pradesh,Srikakulam,3560,22,65,35,14,280,38,145,27.5,129.5,Safe,0,0.7999999999999999,2.3636363636363633,1.2727272727272727,0.509090909090909,10.181818181818182,1.3818181818181818,5.2727272727272725,0.3272551887461448,0,0.3516979296572
Andhra_Pradesh,Visakhapatnam,12450,58,145,88,42,720,95,420,48.0,259.4,High,2,1.2083333333333333,3.020833333333333,1.8333333333333333,0.875,15.0,1.9791666666666665,8.75,0.7805588413076066,7,0.8612890250573544
Andhra_Pradesh,Vizianagaram,3890,25,70,38,16,295,42,155,24.0,162.1,Moderate,1,1.0416666666666665,2.9166666666666665,1.5833333333333333,0.6666666666666666,12.291666666666666,1.75,6.458333333333333,0.5840704944255981,0,0.5901620738658682
Andhra_Pradesh,West_Godavari,7234,40,105,65,27,495,72,295,42.0,172.2,Moderate,1,0.9523809523809523,2.5,1.5476190476190474,0.6428571428571428,11.785714285714285,1.7142857142857142,7.023809523809524,0.49707130751290357,2,0.541242644054746
Andhra_Pradesh,YSR_Kadapa,5120,31,84,46,21,355,52,185,29.5,173.6,Moderate,1,1.0508474576271187,2.847457627118644,1.5593220338983051,0.711864406779661,12.033898305084746,1.7627118644067796,6.271186440677966,0.5686146090587322,0,0.564813200172264
Arunachal_Pradesh,Itanagar,1245,8,25,12,5,85,15,45,4.5,276.7,Moderate,1,1.7777777777777777,5.555555555555555,2.6666666666666665,1.1111111111111112,18.88888888888889,3.333333333333333,10.0,1.5512342302613125,0,1.4156184362838298
Arunachal_Pradesh,Papum_Pare,890,6,18,9,4,62,11,35,3.2,278.1,Moderate,1,1.875,5.625,2.8125,1.25,19.375,3.4375,10.9375,1.6382523960542235,0,1.501163883143591
Arunachal_Pradesh,West_Kameng,320,2,8,4,2,22,4,12,0.9,355.6,Moderate,1,2.2222222222222223,8.88888888888889,4.444444444444445,2.2222222222222223,24.444444444444446,4.444444444444445,13.333333333333334,2.635307868231015,0,2.326747356180958
Assam,Dibrugarh,4560,28,75,42,18,320,48,165,14.0,325.7,High,2,2.0,5.357142857142857,3.0,1.2857142857142856,22.857142857142854,3.4285714285714284,11.785714285714285,1.7241697867945742,0,1.7118224968179885
Assam,Guwahati_City,8920,52,135,78,38,580,92,345,12.0,743.3,High,2,4.333333333333333,11.25,6.5,3.1666666666666665,48.33333333333333,7.666666666666666,28.75,4.60630253648083,7,4.601010558580429
Assam,Jorhat,3450,22,58,35,15,245,38,125,11.5,300.0,Moderate,1,1.9130434782608696,5.043478260869565,3.043478260869565,1.3043478260869565,21.304347826086957,3.3043478260869565,10.869565217391305,1.6107519986204335,0,1.568062754791463
Assam,Kamrup,5680,35,88,52,24,380,58,210,15.5,366.5,High,2,2.258064516129032,5.67741935483871,3.354838709677419,1.5483870967741935,24.516129032258064,3.7419354838709675,13.548387096774194,1.960041759013707,0,1.9354762675961024
Assam,Nagaon,4120,26,68,40,18,295,45,155,28.5,144.6,Moderate,1,0.9122807017543859,2.3859649122807016,1.4035087719298245,0.631578947368421,10.350877192982455,1.5789473684210527,5.43859649122807,0.3917565023027997,0,0.38524637531933814
Assam,Sivasagar,2890,18,48,28,12,205,32,105,11.0,262.7,Moderate,1,1.6363636363636365,4.363636363636363,2.5454545454545454,1.0909090909090908,18.636363636363637,2.909090909090909,9.545454545454545,1.290747373936329,0,1.2678927855131714
Assam,Tinsukia,3560,23,60,35,16,255,40,130,13.8,258.0,Moderate,1,1.6666666666666667,4.3478260869565215,2.536231884057971,1.1594202898550725,18.47826086956522,2.898550724637681,9.420289855072465,1.2924613243520917,0,1.2576917814957604
Bihar,Araria,3890,24,62,38,15,275,42,145,28.5,136.5,Safe,0,0.8421052631578947,2.1754385964912277,1.3333333333333333,0.5263157894736842,9.649122807017543,1.4736842105263157,5.087719298245614,0.3051648618705448,0,0.30303925472711607
Bihar,Aurangabad,4560,28,75,45,18,320,50,170,25.2,181.0,Moderate,1,1.1111111111111112,2.976190476190476,1.7857142857142856,0.7142857142857142,12.698412698412698,1.984126984126984,6.746031746031746,0.6561902392485124,0,0.6430764088582996
Bihar,Begusarai,5230,32,82,50,22,365,58,195,30.0,174.3,Moderate,1,1.0666666666666667,2.7333333333333334,1.6666666666666667,0.7333333333333333,12.166666666666666,1.9333333333333333,6.5,0.5827951136750453,0,0.5775018561731012
Bihar,Bhagalpur,6120,38,95,58,26,425,68,228,30.5,200.7,Moderate,1,1.2459016393442623,3.114754098360656,1.9016393442622952,0.8524590163934427,13.934426229508198,2.2295081967213117,7.475409836065574,0.7765275404720999,0,0.7668124943488873
Bihar,Darbhanga,4890,30,78,48,20,345,55,182,39.5,123.8,Safe,0,0.7594936708860759,1.9746835443037973,1.2151898734177216,0.5063291139240507,8.734177215189874,1.3924050632911391,4.6075949367088604,0.21445223766735055,0,0.20889779344765305
Bihar,East_Champaran,5680,35,88,54,24,395,62,210,50.8,111.8,Safe,0,0.6889763779527559,1.7322834645669292,1.0629921259842519,0.47244094488188976,7.775590551181102,1.220472440944882,4.133858267716535,0.1094430714099147,0,0.10589463483616297
Bihar,Gaya,7230,45,112,68,32,505,78,270,44.0,164.3,Moderate,1,1.0227272727272727,2.5454545454545454,1.5454545454545454,0.7272727272727273,11.477272727272728,1.7727272727272727,6.136363636363637,0.5042142678853166,6,0.5020397480854365
Bihar,Muzaffarpur,6450,40,100,62,28,450,72,240,49.0,131.6,Safe,0,0.8163265306122448,2.0408163265306123,1.2653061224489794,0.5714285714285714,9.183673469387754,1.4693877551020407,4.897959183673469,0.26379375696540186,0,0.25778077459239934
Bihar,Nalanda,4120,26,68,42,18,290,46,155,29.0,142.1,Safe,0,0.896551724137931,2.3448275862068964,1.4482758620689655,0.6206896551724138,10.0,1.5862068965517242,5.344827586206897,0.37781064200864495,0,0.3604425027268575
Bihar,Patna,18560,115,285,175,85,1295,205,690,58.5,317.3,High,2,1.965811965811966,4.871794871794872,2.991452991452992,1.4529914529914532,22.13675213675214,3.5042735042735047,11.794871794871796,1.6460702347895821,7,1.639958901794215
Bihar,Purnia,4560,28,75,46,20,320,52,172,33.0,138.2,Safe,0,0.8484848484848485,2.272727272727273,1.393939393939394,0.6060606060606061,9.696969696969697,1.5757575757575757,5.212121212121212,0.34232787034358453,0,0.32829108686925834
Bihar,Samastipur,4890,30,80,49,21,345,55,183,42.5,115.1,Safe,0,0.7058823529411764,1.8823529411764706,1.1529411764705881,0.49411764705882355,8.117647058823529,1.2941176470588236,4.305882352941176,0.1599688836683163,0,0.15123564628793107
Bihar,Saran,4230,27,70,43,19,298,48,160,39.9,106.0,Safe,0,0.6766917293233082,1.7543859649122806,1.0776942355889725,0.47619047619047616,7.468671679197994,1.2030075187969924,4.010025062656641,0.10292591428291983,0,0.08761255924660552
Bihar,Vaishali,3560,22,58,36,16,250,40,135,35.0,101.7,Safe,0,0.6285714285714286,1.657142857142857,1.0285714285714285,0.45714285714285713,7.142857142857142,1.1428571428571428,3.857142857142857,0.060071203198562455,0,0.05113314948380705
Bihar,West_Champaran,4780,30,78,48,21,335,54,180,39.5,121.0,Safe,0,0.7594936708860759,1.9746835443037973,1.2151898734177216,0.5316455696202531,8.481012658227847,1.3670886075949367,4.556962025316456,0.20912469782327028,0,0.19499607507218808
Chhattisgarh,Bilaspur,5890,36,92,55,25,410,65,220,29.5,199.7,Moderate,1,1.2203389830508475,3.1186440677966103,1.8644067796610169,0.847457627118644,13.898305084745763,2.2033898305084745,7.4576271186440675,0.7657582098221156,0,0.7621233521657249
Chhattisgarh,Durg,7450,46,115,70,32,520,82,280,33.2,224.4,High,2,1.3855421686746987,3.4638554216867465,2.1084337349397586,0.9638554216867469,15.662650602409636,2.469879518072289,8.433734939759034,0.950166233966748,7,0.9482556605292615
Chhattisgarh,Korba,3560,22,58,35,16,250,40,135,12.5,284.8,Moderate,1,1.76,4.64,2.8000000000000003,1.28,20.0,3.2,10.8,1.4622976792561118,0,1.4418133927308725
Chhattisgarh,Raigarh,4120,26,68,42,18,290,46,155,15.5,265.8,Moderate,1,1.6774193548387095,4.387096774193548,2.7096774193548385,1.161290322580645,18.70967741935484,2.967741935483871,10.0,1.3367508438242959,0,1.304876384383891
Chhattisgarh,Raipur,12340,76,190,116,56,862,136,460,41.0,301.0,High,2,1.853658536585366,4.634146341463415,2.829268292682927,1.3658536585365855,21.024390243902438,3.3170731707317076,11.219512195121952,1.5230306884604752,7,1.5207792218991343
Chhattisgarh,Rajnandgaon,4560,28,75,46,20,320,52,172,16.0,285.0,Moderate,1,1.75,4.6875,2.875,1.25,20.0,3.25,10.75,1.4744456809051252,0,1.4462520955605052
Delhi,Central,28450,175,435,268,130,1988,315,1060,6.5,4376.9,High,2,26.923076923076923,66.92307692307692,41.23076923076923,20.0,305.84615384615387,48.46153846153847,163.0769230769231,31.8961395136654,7,31.893694314806954
Delhi,East,32560,200,500,308,150,2275,362,1215,17.5,1860.6,High,2,11.428571428571429,28.57142857142857,17.599999999999998,8.571428571428571,130.0,20.685714285714287,69.42857142857143,13.17772661713211,7,13.165113963135811
Delhi,New_Delhi,18920,116,290,178,86,1322,210,705,1.4,13514.3,High,2,82.85714285714286,207.14285714285714,127.14285714285714,61.42857142857143,944.2857142857143,150.0,503.57142857142856,100.0,7,100.0
Delhi,North,35680,220,548,338,164,2493,396,1330,8.9,4009.0,High,2,24.719101123595504,61.573033707865164,37.97752808988764,18.426966292134832,280.1123595505618,44.49438202247191,149.43820224719101,29.243237320817606,7,29.197875170091265
Delhi,North_East,28900,178,444,274,132,2018,320,1078,22.0,1313.6,High,2,8.090909090909092,20.181818181818183,12.454545454545455,6.0,91.72727272727273,14.545454545454547,49.0,9.090860100611376,7,9.077014577253228
Delhi,North_West,38450,236,590,364,176,2685,426,1432,36.0,1068.1,High,2,6.555555555555555,16.38888888888889,10.11111111111111,4.888888888888888,74.58333333333333,11.833333333333332,39.77777777777778,7.247403507416818,7,7.240843902389519
Delhi,South,42560,262,654,402,195,2972,472,1585,28.0,1520.0,High,2,9.357142857142856,23.357142857142854,14.357142857142856,6.9642857142857135,106.14285714285714,16.857142857142858,56.607142857142854,10.628832637840238,7,10.612761779333423
Delhi,South_East,31230,192,480,296,143,2181,346,1164,22.6,1381.9,High,2,8.495575221238937,21.238938053097346,13.097345132743362,6.327433628318584,96.50442477876106,15.309734513274336,51.50442477876106,9.5997708797478,7,9.587035967154051
Delhi,South_West,29850,184,458,282,136,2085,330,1112,23.0,1297.8,High,2,8.0,19.913043478260867,12.26086956521739,5.913043478260869,90.65217391304347,14.347826086956522,48.34782608695652,8.962767512186309,7,8.95250445020383
Delhi,West,36780,226,565,348,168,2570,408,1370,25.5,1442.4,High,2,8.862745098039216,22.15686274509804,13.647058823529411,6.588235294117647,100.7843137254902,16.0,53.72549019607843,10.04702055154036,7,10.036649453304161
Goa,North_Goa,4560,28,75,46,20,320,52,172,8.2,556.1,High,2,3.414634146341464,9.146341463414634,5.609756097560976,2.439024390243903,39.024390243902445,6.341463414634147,20.975609756097562,3.5648841632475974,0,3.510550256515506
Goa,South_Goa,2120,13,35,21,9,148,24,80,7.5,282.7,Moderate,1,1.7333333333333334,4.666666666666667,2.8,1.2,19.733333333333334,3.2,10.666666666666666,1.4475032625497017,0,1.4188724681406053
Gujarat,Ahmedabad_City,28560,175,438,270,130,1996,316,1065,56.0,510.0,High,2,3.125,7.821428571428571,4.821428571428571,2.321428571428571,35.64285714285714,5.642857142857142,19.017857142857142,3.080058947225796,7,3.080041204096544
Gujarat,Ahmedabad_Rural,8920,55,137,84,40,623,98,332,25.0,356.8,Moderate,1,2.2,5.48,3.36,1.6,24.92,3.92,13.280000000000001,1.9359740900113438,7,1.9338230094753217
Gujarat,Bharuch,4560,28,70,43,20,318,50,170,16.2,281.5,Moderate,1,1.728395061728395,4.320987654320987,2.654320987654321,1.2345679012345678,19.62962962962963,3.0864197530864197,10.493827160493826,1.3705552905996956,0,1.3697456260806757
Gujarat,Gandhinagar,5230,32,80,49,24,365,58,195,21.0,249.0,Moderate,1,1.5238095238095237,3.8095238095238093,2.333333333333333,1.1428571428571428,17.38095238095238,2.761904761904762,9.285714285714285,1.1306622446624224,0,1.1308906488159773
Gujarat,Jamnagar,4890,30,75,46,22,342,54,182,22.0,222.3,Moderate,1,1.3636363636363638,3.409090909090909,2.090909090909091,1.0,15.545454545454547,2.4545454545454546,8.272727272727273,0.9324813267356464,0,0.932598082543723
Gujarat,Kutch,3560,22,55,34,16,249,40,132,20.9,170.3,Moderate,1,1.0526315789473686,2.6315789473684212,1.626794258373206,0.7655502392344499,11.913875598086126,1.9138755980861246,6.3157894736842115,0.5537115507222532,0,0.5477338871149023
Gujarat,Mehsana,6120,38,94,58,28,428,68,230,21.0,291.4,Moderate,1,1.8095238095238093,4.476190476190476,2.761904761904762,1.3333333333333333,20.38095238095238,3.238095238095238,10.952380952380953,1.459528281054912,0,1.4551316802589602
Gujarat,Rajkot,8450,52,130,80,38,590,94,315,38.5,219.5,Moderate,1,1.3506493506493507,3.376623376623377,2.077922077922078,0.9870129870129871,15.324675324675326,2.441558441558442,8.181818181818182,0.9160835742285421,7,0.9125113031031571
Gujarat,Surat_City,18920,116,290,178,86,1322,210,705,45.0,420.4,High,2,2.577777777777778,6.444444444444445,3.9555555555555557,1.9111111111111112,29.37777777777778,4.666666666666667,15.666666666666668,2.4104157292169073,7,2.409725168528732
Gujarat,Vadodara,12340,76,190,116,56,862,136,460,41.0,301.0,High,2,1.853658536585366,4.634146341463415,2.829268292682927,1.3658536585365855,21.024390243902438,3.3170731707317076,11.219512195121952,1.5230306884604752,7,1.5207792218991343
Haryana,Ambala,6890,42,106,65,31,481,76,258,11.3,609.7,High,2,3.7168141592920354,9.380530973451327,5.752212389380531,2.743362831858407,42.56637168141593,6.725663716814159,22.831858407079647,3.8207723947770935,0,3.8245379044157675
Haryana,Faridabad,15680,96,240,148,72,1096,174,585,18.0,871.1,High,2,5.333333333333333,13.333333333333332,8.222222222222221,4.0,60.888888888888886,9.666666666666666,32.5,5.771681697298259,7,5.773987354452457
Haryana,Gurugram,18920,116,290,178,86,1322,210,705,15.1,1252.6,High,2,7.682119205298013,19.205298013245034,11.788079470198676,5.695364238410597,87.5496688741722,13.907284768211921,46.688741721854306,8.61537957509907,7,8.614732921802606
Haryana,Hisar,7450,46,114,70,34,520,82,280,17.9,416.2,High,2,2.5698324022346375,6.368715083798884,3.9106145251396653,1.8994413407821233,29.050279329608944,4.5810055865921795,15.642458100558661,2.380469219191363,7,2.380602492358038
Haryana,Jhajjar,4120,25,63,39,19,288,46,154,9.6,429.2,High,2,2.604166666666667,6.5625,4.0625,1.9791666666666667,30.0,4.791666666666667,16.041666666666668,2.475221013604361,0,2.479280099467308
Haryana,Karnal,6560,40,100,62,30,458,72,245,15.1,434.4,High,2,2.6490066225165565,6.622516556291391,4.105960264900663,1.9867549668874174,30.33112582781457,4.768211920529802,16.225165562913908,2.5062213176508017,0,2.51261506985439
Haryana,Kurukshetra,4890,30,75,46,22,342,54,182,9.7,504.1,High,2,3.0927835051546393,7.731958762886599,4.742268041237113,2.2680412371134024,35.25773195876289,5.567010309278351,18.762886597938145,3.03194689890115,0,3.0331154828224856
Haryana,Panipat,5680,35,87,54,26,397,62,214,12.8,443.8,High,2,2.734375,6.796875,4.21875,2.03125,31.015625,4.84375,16.71875,2.590304198517505,0,2.59367965693207
Haryana,Rohtak,5230,32,80,49,24,365,58,195,10.9,479.8,High,2,2.9357798165137616,7.339449541284404,4.495412844036697,2.2018348623853212,33.48623853211009,5.321100917431193,17.889908256880734,2.8484563636979843,0,2.8495568322523366
Haryana,Sonipat,6120,38,94,58,28,428,68,230,14.5,422.1,High,2,2.6206896551724137,6.482758620689655,4.0,1.9310344827586206,29.517241379310345,4.689655172413793,15.862068965517242,2.4379903406167855,0,2.431942351550854
Himachal_Pradesh,Kangra,3560,22,55,34,16,249,40,132,15.1,235.8,Moderate,1,1.456953642384106,3.6423841059602653,2.251655629139073,1.0596026490066226,16.490066225165563,2.6490066225165565,8.741721854304636,1.0441788810901838,0,1.03617892689195
Himachal_Pradesh,Kullu,1890,12,29,18,8,132,21,71,4.4,429.5,Moderate,1,2.7272727272727266,6.59090909090909,4.09090909090909,1.818181818181818,29.999999999999996,4.772727272727272,16.136363636363633,2.4942430276395906,0,2.4751201155594966
Himachal_Pradesh,Mandi,2450,15,38,23,11,171,27,92,10.0,245.0,Moderate,1,1.5,3.8000000000000003,2.3000000000000003,1.1,17.1,2.7,9.200000000000001,1.1076142925274366,0,1.1064854098901618
Himachal_Pradesh,Shimla,2890,18,44,27,13,202,32,108,8.1,356.8,Moderate,1,2.2222222222222223,5.432098765432098,3.333333333333333,1.6049382716049383,24.93827160493827,3.950617283950617,13.333333333333332,1.933848455427089,0,1.9312920958089401
Himachal_Pradesh,Solan,2120,13,32,20,10,148,24,79,5.8,365.5,Moderate,1,2.241379310344828,5.517241379310345,3.4482758620689657,1.7241379310344829,25.517241379310345,4.137931034482759,13.620689655172415,1.9979839816761429,0,1.9964350707194836
Jharkhand,Bokaro,4560,28,70,43,20,318,50,170,20.6,221.4,Moderate,1,1.3592233009708736,3.398058252427184,2.0873786407766985,0.9708737864077668,15.436893203883493,2.4271844660194173,8.252427184466018,0.9233465387473547,0,0.9225575776943882
Jharkhand,Dhanbad,6890,42,106,65,31,481,76,258,26.8,257.1,Moderate,1,1.5671641791044775,3.9552238805970146,2.4253731343283578,1.1567164179104477,17.947761194029848,2.835820895522388,9.62686567164179,1.192731680976629,0,1.1939071612662184
Jharkhand,East_Singhbhum,7450,46,114,70,34,520,82,280,23.0,323.9,High,2,2.0,4.956521739130435,3.043478260869565,1.4782608695652173,22.608695652173914,3.5652173913043477,12.17391304347826,1.6922654639818382,7,1.6922111441097436
Jharkhand,Hazaribagh,4120,25,63,39,19,288,46,154,17.3,238.2,Moderate,1,1.4450867052023122,3.6416184971098264,2.254335260115607,1.0982658959537572,16.647398843930635,2.658959537572254,8.901734104046243,1.0516486684359914,0,1.0535838804266875
Jharkhand,Ranchi,9230,57,141,87,42,645,102,346,29.0,318.3,High,2,1.9655172413793103,4.862068965517241,3.0,1.4482758620689655,22.241379310344826,3.5172413793103448,11.931034482758621,1.6503327805341341,7,1.6499227559710454
Karnataka,Bagalkot,3560,22,55,34,16,249,40,132,19.0,187.4,Moderate,1,1.1578947368421053,2.894736842105263,1.789473684210526,0.8421052631578947,13.105263157894736,2.1052631578947367,6.947368421052631,0.6814021832835591,0,0.6748980267809954
Karnataka,Bangalore_City,38560,237,592,364,176,2695,428,1440,84.5,456.3,High,2,2.804733727810651,7.005917159763314,4.3076923076923075,2.0828402366863905,31.893491124260354,5.06508875739645,17.041420118343193,2.6838830206830266,7,2.6814897787920047
Karnataka,Bangalore_Rural,5680,35,87,54,26,397,62,214,9.9,573.7,High,2,3.5353535353535355,8.787878787878787,5.454545454545454,2.6262626262626263,40.1010101010101,6.262626262626262,21.616161616161616,3.5609251099199386,0,3.565498119839796
Karnataka,Belagavi,7450,46,114,70,34,520,82,280,48.5,153.6,Moderate,1,0.9484536082474226,2.350515463917526,1.443298969072165,0.7010309278350515,10.721649484536082,1.690721649484536,5.77319587628866,0.422281214677664,7,0.4218807179608302
Karnataka,Bellary,5230,32,80,49,24,365,58,195,25.3,206.7,Moderate,1,1.2648221343873518,3.1620553359683794,1.9367588932806326,0.9486166007905139,14.426877470355732,2.292490118577075,7.707509881422925,0.8155798263193837,0,0.815648274074608
Karnataka,Dakshina_Kannada,6890,42,106,65,31,481,76,258,21.0,328.1,High,2,2.0,5.0476190476190474,3.095238095238095,1.476190476190476,22.904761904761905,3.6190476190476186,12.285714285714285,1.7218923211685875,0,1.723589308442936
Karnataka,Dharwad,4560,28,70,43,20,318,50,170,19.4,235.1,Moderate,1,1.4432989690721651,3.608247422680413,2.216494845360825,1.0309278350515465,16.39175257731959,2.577319587628866,8.762886597938145,1.0251944550548704,0,1.0244007789669918
Karnataka,Gulbarga,6120,38,94,58,28,428,68,230,36.7,166.8,Moderate,1,1.0354223433242506,2.5613079019073566,1.5803814713896456,0.7629427792915531,11.662125340599454,1.8528610354223432,6.267029972752042,0.5257748211544273,0,0.5229541521952438
Karnataka,Hassan,4120,25,63,39,19,288,46,154,17.8,231.5,Moderate,1,1.4044943820224718,3.539325842696629,2.191011235955056,1.0674157303370786,16.179775280898877,2.5842696629213484,8.651685393258427,1.0017935155335536,0,1.0036543470004875
Karnataka,Mandya,3560,22,55,34,16,249,40,132,18.1,196.7,Moderate,1,1.2154696132596683,3.038674033149171,1.8784530386740328,0.883977900552486,13.756906077348065,2.209944751381215,7.29281767955801,0.7512440209828368,0,0.7444518932281958
Karnataka,Mysore,8920,55,137,84,40,623,98,332,30.0,297.3,Moderate,1,1.8333333333333333,4.566666666666666,2.8,1.3333333333333333,20.766666666666666,3.2666666666666666,11.066666666666666,1.4927792791943184,7,1.4908679229717618
Karnataka,Raichur,3890,24,60,37,18,272,43,146,19.2,202.6,Moderate,1,1.25,3.125,1.9270833333333335,0.9375,14.166666666666668,2.2395833333333335,7.604166666666667,0.7953054312358713,0,0.7928399565076054
Karnataka,Shimoga,4560,28,70,43,20,318,50,170,17.6,259.1,Moderate,1,1.5909090909090906,3.9772727272727266,2.443181818181818,1.1363636363636362,18.068181818181817,2.8409090909090904,9.659090909090908,1.2040069899356778,0,1.203205035746733
Karnataka,Tumkur,5680,35,87,54,26,397,62,214,27.0,210.4,Moderate,1,1.2962962962962963,3.222222222222222,2.0,0.9629629629629629,14.703703703703702,2.2962962962962963,7.925925925925926,0.8476491828731336,0,0.8488745545621046
Karnataka,Udupi,3120,19,48,29,14,218,35,116,11.6,269.0,Moderate,1,1.6379310344827587,4.137931034482759,2.5,1.206896551724138,18.793103448275865,3.017241379310345,10.0,1.278933110243906,0,1.278479227319942
Kerala,Alappuzha,8920,55,137,84,40,623,98,332,21.2,420.8,High,2,2.5943396226415096,6.462264150943397,3.9622641509433967,1.8867924528301887,29.38679245283019,4.622641509433962,15.660377358490567,2.4126175657956916,7,2.4102086685451862
Kerala,Ernakulam,14560,89,223,138,66,1017,162,545,33.0,441.2,High,2,2.6969696969696972,6.757575757575758,4.181818181818182,2.0,30.81818181818182,4.909090909090909,16.515151515151516,2.567287561534876,7,2.5674717583128697
Kerala,Idukki,4120,25,63,39,19,288,46,154,11.1,371.2,Moderate,1,2.2522522522522523,5.675675675675675,3.513513513513513,1.7117117117117115,25.945945945945944,4.144144144144144,13.873873873873872,2.0430026638077163,0,2.0464169090600994
Kerala,Kannur,7450,46,114,70,34,520,82,280,25.3,294.5,Moderate,1,1.8181818181818181,4.5059288537549405,2.766798418972332,1.3438735177865613,20.55335968379447,3.241106719367589,11.067193675889328,1.4726781695388702,7,1.4725639937774007
Kerala,Kasaragod,4560,28,70,43,20,318,50,170,13.1,348.1,Moderate,1,2.1374045801526718,5.34351145038168,3.282442748091603,1.5267175572519085,24.274809160305345,3.816793893129771,12.977099236641221,1.866022863349356,0,1.8651902612289815
Kerala,Kollam,9230,57,141,87,42,645,102,346,26.4,349.6,High,2,2.159090909090909,5.340909090909091,3.2954545454545454,1.590909090909091,24.431818181818183,3.8636363636363638,13.106060606060607,1.8840892822047723,7,1.8837090699992423
Kerala,Kottayam,6890,42,106,65,31,481,76,258,19.7,349.7,Moderate,1,2.1319796954314723,5.380710659898477,3.299492385786802,1.5736040609137056,24.416243654822335,3.8578680203045685,13.096446700507615,1.8832432462892585,0,1.8850992507467763
Kerala,Kozhikode,10560,65,162,100,48,738,116,395,31.1,339.5,High,2,2.090032154340836,5.209003215434083,3.215434083601286,1.5434083601286173,23.729903536977492,3.7299035369774916,12.70096463022508,1.810547979864556,7,1.8103921403228591
Kerala,Malappuram,11230,69,172,106,51,785,124,420,41.2,272.6,Moderate,1,1.6747572815533978,4.174757281553397,2.5728155339805823,1.2378640776699028,19.053398058252423,3.009708737864077,10.194174757281552,1.3092111274764335,7,1.309516857507234
Kerala,Palakkad,7890,48,121,75,36,551,88,294,28.1,280.8,Moderate,1,1.7081850533807832,4.3060498220640575,2.6690391459074734,1.2811387900355873,19.608540925266905,3.131672597864769,10.462633451957297,1.3709713400734824,7,1.370296489025983
Kerala,Pathanamthitta,4560,28,70,43,20,318,50,170,12.0,380.0,Moderate,1,2.333333333333333,5.833333333333333,3.583333333333333,1.6666666666666665,26.5,4.166666666666666,14.166666666666666,2.1033678135213707,0,2.102524223550024
Kerala,Thiruvananthapuram,15680,96,240,148,72,1096,174,585,33.1,473.7,High,2,2.9003021148036257,7.2507552870090635,4.471299093655589,2.175226586102719,33.11178247734139,5.256797583081571,17.673716012084594,2.8087622190488664,7,2.809690905921425
Kerala,Thrissur,9890,61,152,93,45,691,110,370,31.1,318.0,High,2,1.9614147909967845,4.887459807073955,2.990353697749196,1.4469453376205788,22.218649517684884,3.5369774919614145,11.897106109324758,1.6524581794343234,7,1.6491292271635287
Kerala,Wayanad,3120,19,48,29,14,218,35,116,8.2,380.5,Moderate,1,2.3170731707317076,5.853658536585367,3.536585365853659,1.707317073170732,26.58536585365854,4.2682926829268295,14.146341463414636,2.1090836967631774,0,2.1087371426058343
Madhya_Pradesh,Bhopal,18920,116,290,178,86,1322,210,705,23.7,798.3,High,2,4.894514767932489,12.236286919831223,7.510548523206751,3.6286919831223625,55.780590717299575,8.860759493670885,29.746835443037973,5.22669858733903,7,5.2260279551528885
Madhya_Pradesh,Gwalior,9890,61,152,93,45,691,110,370,20.6,480.1,High,2,2.961165048543689,7.378640776699028,4.514563106796116,2.184466019417475,33.543689320388346,5.339805825242718,17.961165048543688,2.8633492483864527,7,2.8586867871368478
Madhya_Pradesh,Indore,22340,137,343,211,102,1560,248,835,32.0,698.1,High,2,4.28125,10.71875,6.59375,3.1875,48.75,7.75,26.09375,4.48753270408562,7,4.484704341824589
Madhya_Pradesh,Jabalpur,12560,77,193,118,58,878,140,470,24.1,521.2,High,2,3.1950207468879666,8.008298755186722,4.896265560165975,2.4066390041493775,36.43153526970954,5.809128630705394,19.50207468879668,3.1696271342647337,7,3.168525566018489
Madhya_Pradesh,Rewa,5680,35,87,54,26,397,62,214,23.9,237.7,Moderate,1,1.4644351464435146,3.6401673640167362,2.2594142259414225,1.0878661087866108,16.610878661087867,2.594142259414226,8.95397489539749,1.0513988175621805,0,1.052875575429687
Madhya_Pradesh,Sagar,6890,42,106,65,31,481,76,258,23.6,291.9,Moderate,1,1.7796610169491525,4.491525423728813,2.754237288135593,1.3135593220338984,20.381355932203387,3.2203389830508473,10.932203389830509,1.4525183190603494,0,1.4539498284949985
Madhya_Pradesh,Satna,5230,32,80,49,24,365,58,195,22.9,228.4,Moderate,1,1.3973799126637554,3.4934497816593884,2.1397379912663754,1.0480349344978166,15.93886462882096,2.5327510917030565,8.515283842794759,0.9768487801580062,0,0.9769990985588675
Madhya_Pradesh,Ujjain,7450,46,114,70,34,520,82,280,19.2,388.0,High,2,2.3958333333333335,5.9375,3.6458333333333335,1.7708333333333335,27.083333333333336,4.270833333333334,14.583333333333334,2.1703253029253826,7,2.1704012943124495
Maharashtra,Ahmednagar,8920,55,137,84,40,623,98,332,45.4,196.5,Moderate,1,1.2114537444933922,3.0176211453744495,1.8502202643171808,0.881057268722467,13.722466960352424,2.158590308370044,7.312775330396476,0.7411052608482631,7,0.7396004855097792
Maharashtra,Aurangabad,9890,61,152,93,45,691,110,370,37.0,267.3,Moderate,1,1.6486486486486487,4.108108108108109,2.5135135135135136,1.2162162162162162,18.675675675675677,2.9729729729729732,10.0,1.2736378434743705,7,1.2707260718503828
Maharashtra,Kolhapur,7450,46,114,70,34,520,82,280,38.8,192.0,Moderate,1,1.1855670103092784,2.9381443298969074,1.8041237113402064,0.8762886597938145,13.402061855670103,2.11340206185567,7.216494845360826,0.7086502120697817,7,0.708327774837546
Maharashtra,Mumbai_City,48560,298,745,458,224,3393,538,1815,31.0,1566.5,High,2,9.612903225806452,24.032258064516128,14.774193548387096,7.225806451612903,109.45161290322581,17.35483870967742,58.54838709677419,10.969989641949747,7,10.969350999006998
Maharashtra,Mumbai_Suburban,52340,322,803,494,240,3657,580,1958,93.5,559.8,High,2,3.443850267379679,8.588235294117647,5.283422459893048,2.5668449197860963,39.11229946524064,6.2032085561497325,20.941176470588236,3.4567121801421665,7,3.454478209432163
Maharashtra,Nagpur,18920,116,290,178,86,1322,210,705,46.5,407.0,High,2,2.4946236559139785,6.236559139784947,3.827956989247312,1.849462365591398,28.430107526881724,4.516129032258065,15.161290322580646,2.309331519406981,7,2.3086402434295463
Maharashtra,Nashik,12560,77,193,118,58,878,140,470,61.1,205.6,Moderate,1,1.2602291325695583,3.158756137479542,1.9312602291325698,0.9492635024549919,14.369885433715222,2.291325695581015,7.6923076923076925,0.8122718046615428,7,0.811405700292019
Maharashtra,Pune_City,28560,175,438,270,130,1996,316,1065,31.2,915.4,High,2,5.608974358974359,14.038461538461537,8.653846153846153,4.166666666666666,63.97435897435897,10.128205128205128,34.13461538461538,6.103158059677454,7,6.103692745709874
Maharashtra,Pune_Rural,9890,61,152,93,45,691,110,370,47.0,210.4,Moderate,1,1.297872340425532,3.234042553191489,1.978723404255319,0.9574468085106382,14.702127659574467,2.3404255319148937,7.872340425531915,0.848779839566886,7,0.8463359481490172
Maharashtra,Satara,6890,42,106,65,31,481,76,258,30.1,228.9,Moderate,1,1.3953488372093024,3.5215946843853825,2.159468438538206,1.0299003322259137,15.980066445182725,2.524916943521595,8.571428571428573,0.9826799432901662,0,0.9836484099811548
Maharashtra,Solapur,8450,52,130,80,38,590,94,315,43.2,195.6,Moderate,1,1.2037037037037037,3.009259259259259,1.8518518518518516,0.8796296296296295,13.657407407407407,2.1759259259259256,7.291666666666666,0.73773616124565,7,0.7344749970973423
Maharashtra,Thane,32560,200,500,308,150,2275,362,1215,110.0,296.0,Moderate,1,1.8181818181818181,4.545454545454545,2.8,1.3636363636363635,20.68181818181818,3.2909090909090906,11.045454545454545,1.4883154465673842,7,1.4857095429260785
Odisha,Bhubaneswar,9890,61,152,93,45,691,110,370,8.4,1177.4,High,2,7.261904761904762,18.095238095238095,11.071428571428571,5.357142857142857,82.26190476190476,13.095238095238095,44.047619047619044,8.072377472670093,7,8.061978503747701
Odisha,Cuttack,7450,46,114,70,34,520,82,280,26.1,285.4,Moderate,1,1.7624521072796933,4.3678160919540225,2.681992337164751,1.3026819923371646,19.923371647509576,3.1417624521072796,10.727969348659004,1.4053717191348953,7,1.4052391967406668
Odisha,Ganjam,6890,42,106,65,31,481,76,258,35.3,195.2,Moderate,1,1.189801699716714,3.0028328611898023,1.8413597733711051,0.878186968838527,13.626062322946177,2.152974504249292,7.308781869688386,0.7313896165326292,0,0.7321104275012291
Odisha,Khordha,8920,55,137,84,40,623,98,332,22.5,396.4,High,2,2.4444444444444446,6.0888888888888895,3.7333333333333334,1.777777777777778,27.68888888888889,4.355555555555556,14.755555555555556,2.231437297222694,7,2.2291264004776945
Odisha,Mayurbhanj,4560,28,70,43,20,318,50,170,25.6,178.1,Moderate,1,1.09375,2.734375,1.6796875,0.78125,12.421875,1.953125,6.640625,0.6017564384274018,0,0.6009823653427437
Odisha,Sambalpur,5680,35,87,54,26,397,62,214,10.3,551.5,High,2,3.398058252427184,8.446601941747572,5.242718446601941,2.524271844660194,38.543689320388346,6.019417475728154,20.77669902912621,3.394551522160298,0,3.398919260446171
Punjab,Amritsar,9890,61,152,93,45,691,110,370,25.4,389.4,High,2,2.4015748031496065,5.984251968503937,3.661417322834646,1.7716535433070866,27.20472440944882,4.330708661417323,14.566929133858267,2.1855771494994114,7,2.1816610932755167
Punjab,Bathinda,5680,35,87,54,26,397,62,214,14.5,391.7,High,2,2.413793103448276,6.0,3.7241379310344827,1.793103448275862,27.379310344827587,4.275862068965517,14.758620689655173,2.201825008531703,0,2.204721161551879
Punjab,Jalandhar,8920,55,137,84,40,623,98,332,22.0,405.5,High,2,2.5,6.2272727272727275,3.8181818181818183,1.8181818181818183,28.31818181818182,4.454545454545455,15.090909090909092,2.2985880261343645,7,2.2962408075236884
Punjab,Ludhiana,15680,96,240,148,72,1096,174,585,34.9,449.3,High,2,2.7507163323782238,6.876790830945559,4.240687679083095,2.063037249283668,31.404011461318053,4.985673352435531,16.762177650429802,2.626598248014729,7,2.6274422770434467
Punjab,Patiala,7450,46,114,70,34,520,82,280,19.0,392.1,High,2,2.4210526315789473,6.0,3.6842105263157894,1.789473684210526,27.36842105263158,4.315789473684211,14.736842105263158,2.200783409007658,7,2.200867702774118
Rajasthan,Ajmer,7890,48,121,75,36,551,88,294,26.0,303.5,High,2,1.8461538461538463,4.653846153846154,2.8846153846153846,1.3846153846153846,21.192307692307693,3.384615384615385,11.307692307692308,1.540115526282136,7,1.5394437350644923
Rajasthan,Alwar,8920,55,137,84,40,623,98,332,36.8,242.4,Moderate,1,1.4945652173913044,3.722826086956522,2.2826086956521743,1.0869565217391306,16.929347826086957,2.6630434782608696,9.021739130434783,1.083305812678589,7,1.081615940876083
Rajasthan,Bikaner,6560,40,100,62,30,458,72,245,23.3,281.5,Moderate,1,1.7167381974248928,4.291845493562231,2.6609442060085837,1.2875536480686696,19.65665236051502,3.0901287553648067,10.515021459227468,1.369688615554613,0,1.373581372382997
Rajasthan,Jaipur,28560,175,438,270,130,1996,316,1065,66.6,428.8,High,2,2.627627627627628,6.576576576576577,4.054054054054054,1.9519519519519521,29.969969969969974,4.744744744744745,15.990990990990992,2.4747362827447756,7,2.474607925348626
Rajasthan,Jodhpur,12560,77,193,118,58,878,140,470,36.7,342.2,High,2,2.098092643051771,5.258855585831062,3.2152588555858306,1.5803814713896456,23.923705722070842,3.814713896457765,12.806539509536783,1.8331269692685535,7,1.8321588970235847
Rajasthan,Kota,9230,57,141,87,42,645,102,346,19.5,473.3,High,2,2.923076923076923,7.230769230769231,4.461538461538462,2.1538461538461537,33.07692307692307,5.230769230769231,17.743589743589745,2.8066667177924387,7,2.806404167376802
Rajasthan,Udaipur,7450,46,114,70,34,520,82,280,30.5,244.3,Moderate,1,1.5081967213114755,3.737704918032787,2.295081967213115,1.1147540983606559,17.049180327868854,2.6885245901639347,9.18032786885246,1.0982998314721715,7,1.0980836063255366
Tamil_Nadu,Chennai,42560,262,654,402,195,2972,472,1585,46.5,915.3,High,2,5.634408602150538,14.06451612903226,8.645161290322582,4.193548387096775,63.91397849462366,10.150537634408604,34.086021505376344,6.112434634925738,7,6.102473997736222
Tamil_Nadu,Coimbatore,15680,96,240,148,72,1096,174,585,34.8,450.6,High,2,2.7586206896551726,6.8965517241379315,4.252873563218391,2.0689655172413794,31.494252873563223,5.000000000000001,16.81034482758621,2.636224090034572,7,2.6370725925221525
Tamil_Nadu,Cuddalore,6890,42,106,65,31,481,76,258,26.0,265.0,Moderate,1,1.6153846153846154,4.0769230769230775,2.5,1.1923076923076923,18.5,2.9230769230769234,9.923076923076923,1.251683264234089,0,1.252916843445057
Tamil_Nadu,Erode,7450,46,114,70,34,520,82,280,22.5,331.1,High,2,2.0444444444444447,5.066666666666666,3.111111111111111,1.511111111111111,23.11111111111111,3.6444444444444444,12.444444444444445,1.7459423581790083,7,1.7459026697465383
Tamil_Nadu,Kancheepuram,8920,55,137,84,40,623,98,332,39.9,223.6,Moderate,1,1.3784461152882206,3.433583959899749,2.1052631578947367,1.0025062656641603,15.614035087719298,2.4561403508771926,8.320802005012531,0.9429511304363549,7,0.9413371765575723
Tamil_Nadu,Madurai,12560,77,193,118,58,878,140,470,30.5,411.8,High,2,2.5245901639344264,6.327868852459017,3.8688524590163937,1.9016393442622952,28.78688524590164,4.59016393442623,15.40983606557377,2.352772700868162,7,2.351752723932819
Tamil_Nadu,Salem,9890,61,152,93,45,691,110,370,34.8,284.2,Moderate,1,1.752873563218391,4.367816091954023,2.6724137931034484,1.293103448275862,19.85632183908046,3.1609195402298855,10.632183908045977,1.3998743883135483,7,1.3968235971110752
Tamil_Nadu,Thanjavur,6560,40,100,62,30,458,72,245,24.1,272.2,Moderate,1,1.6597510373443982,4.149377593360995,2.572614107883817,1.2448132780082988,19.00414937759336,2.987551867219917,10.16597510373444,1.30021530798796,0,1.3039551854309956
Tamil_Nadu,Tiruchirappalli,8450,52,130,80,38,590,94,315,27.3,309.5,Moderate,1,1.9047619047619049,4.761904761904762,2.9304029304029307,1.391941391941392,21.611721611721613,3.4432234432234434,11.538461538461538,1.5886080251493004,7,1.583862610856671
Tamil_Nadu,Tirunelveli,7890,48,121,75,36,551,88,294,30.7,257.0,Moderate,1,1.5635179153094463,3.9413680781758957,2.44299674267101,1.1726384364820848,17.94788273615635,2.8664495114006514,9.576547231270359,1.1936152521611967,7,1.1929371927299819
Tamil_Nadu,Vellore,6890,42,106,65,31,481,76,258,39.3,175.3,Moderate,1,1.0687022900763359,2.697201017811705,1.6539440203562341,0.7888040712468194,12.239185750636134,1.9338422391857508,6.564885496183207,0.5833403146065795,0,0.5839152176236451
Tamil_Nadu,Villupuram,5680,35,87,54,26,397,62,214,34.6,164.2,Moderate,1,1.0115606936416184,2.514450867052023,1.560693641618497,0.7514450867052023,11.473988439306359,1.791907514450867,6.184971098265896,0.5026083135377015,0,0.5034079740065595
Telangana,Hyderabad_City,38560,237,592,364,176,2695,428,1440,68.1,566.2,High,2,3.480176211453745,8.69309838472834,5.345080763582967,2.5844346549192365,39.57415565345081,6.2848751835535985,21.145374449339208,3.504383400233847,7,3.501585454691326
Telangana,Karimnagar,5680,35,87,54,26,397,62,214,10.1,562.4,High,2,3.4653465346534653,8.613861386138614,5.346534653465347,2.5742574257425743,39.30693069306931,6.138613861386139,21.18811881188119,3.4760910527949744,0,3.480559394505424
Telangana,Khammam,4560,28,70,43,20,318,50,170,28.0,162.9,Moderate,1,1.0,2.5,1.5357142857142856,0.7142857142857142,11.357142857142856,1.7857142857142856,6.071428571428571,0.48818919157155516,0,0.4874203760665629
Telangana,Medak,3890,24,60,37,18,272,43,146,30.3,128.4,Safe,0,0.792079207920792,1.98019801980198,1.221122112211221,0.594059405940594,8.976897689768975,1.419141914191419,4.818481848184818,0.23902317750629587,0,0.23719979567607438
Telangana,Nalgonda,5230,32,80,49,24,365,58,195,34.8,150.3,Moderate,1,0.9195402298850576,2.298850574712644,1.4080459770114944,0.6896551724137931,10.488505747126437,1.6666666666666667,5.603448275862069,0.3955120472533836,0,0.395367241189663
Telangana,Nizamabad,4120,25,63,39,19,288,46,154,25.4,162.2,Moderate,1,0.984251968503937,2.4803149606299213,1.5354330708661417,0.7480314960629921,11.338582677165354,1.811023622047244,6.062992125984252,0.48565528690264254,0,0.486746074962946
Telangana,Rangareddy,12560,77,193,118,58,878,140,470,52.9,237.4,Moderate,1,1.4555765595463137,3.6483931947069945,2.23062381852552,1.0964083175803403,16.597353497164463,2.6465028355387523,8.88468809073724,1.0502836374087876,7,1.0493937592839289
Telangana,Warangal,6890,42,106,65,31,481,76,258,35.2,195.7,Moderate,1,1.193181818181818,3.011363636363636,1.8465909090909087,0.880681818181818,13.664772727272725,2.1590909090909087,7.329545454545453,0.735521958553718,0,0.7362468420951127
Uttar_Pradesh,Agra,15680,96,240,148,72,1096,174,585,44.2,354.8,High,2,2.171945701357466,5.429864253393665,3.3484162895927603,1.6289592760180995,24.79638009049774,3.936651583710407,13.235294117647058,1.9217775441002152,7,1.9222940187791446
Uttar_Pradesh,Aligarh,8920,55,137,84,40,623,98,332,36.5,244.4,Moderate,1,1.506849315068493,3.7534246575342465,2.3013698630136985,1.095890410958904,17.06849315068493,2.684931506849315,9.095890410958903,1.098153762713406,7,1.0964558596466754
Uttar_Pradesh,Allahabad,12560,77,193,118,58,878,140,470,59.6,210.7,Moderate,1,1.2919463087248322,3.238255033557047,1.9798657718120805,0.9731543624161074,14.731543624161073,2.348993288590604,7.885906040268456,0.8509160977710811,7,0.850046133425527
Uttar_Pradesh,Bareilly,9890,61,152,93,45,691,110,370,44.5,222.2,Moderate,1,1.3707865168539326,3.4157303370786516,2.089887640449438,1.0112359550561798,15.52808988764045,2.4719101123595504,8.314606741573034,0.9370930201543967,7,0.9345518727386268
Uttar_Pradesh,Ghaziabad,18920,116,290,178,86,1322,210,705,46.8,404.3,High,2,2.4786324786324787,6.196581196581197,3.8034188034188037,1.8376068376068377,28.247863247863247,4.487179487179487,15.064102564102564,2.289892248289688,7,2.2892008347566257
Uttar_Pradesh,Gorakhpur,7450,46,114,70,34,520,82,280,44.4,167.8,Moderate,1,1.036036036036036,2.5675675675675675,1.5765765765765765,0.7657657657657657,11.711711711711711,1.8468468468468469,6.306306306306306,0.528057150651329,7,0.5276854867170945
Uttar_Pradesh,Kanpur_City,22340,137,343,211,102,1560,248,835,27.7,806.5,High,2,4.945848375451264,12.382671480144404,7.617328519855596,3.6823104693140793,56.31768953068592,8.953068592057761,30.144404332129962,5.296418197211924,7,5.293261416225082
Uttar_Pradesh,Lucknow,28560,175,438,270,130,1996,316,1065,28.6,998.6,High,2,6.118881118881119,15.314685314685315,9.440559440559442,4.545454545454546,69.7902097902098,11.04895104895105,37.23776223776224,6.723735590092754,7,6.724383678005867
Uttar_Pradesh,Meerut,12560,77,193,118,58,878,140,470,34.6,363.0,High,2,2.2254335260115607,5.578034682080925,3.4104046242774566,1.676300578034682,25.3757225433526,4.0462427745664735,13.583815028901734,1.9882794450701335,7,1.987295875457001
Uttar_Pradesh,Moradabad,7890,48,121,75,36,551,88,294,47.7,165.4,Moderate,1,1.0062893081761006,2.5366876310272537,1.5723270440251573,0.7547169811320755,11.551362683438155,1.8448637316561847,6.163522012578617,0.5104754102349063,7,0.509784992757398
Uttar_Pradesh,Noida,15680,96,240,148,72,1096,174,585,6.4,2450.0,High,2,15.0,37.5,23.125,11.25,171.25,27.1875,91.40625,17.543645303140938,7,17.55142179544972
Uttar_Pradesh,Varanasi,9890,61,152,93,45,691,110,370,36.8,268.8,Moderate,1,1.657608695652174,4.130434782608696,2.5271739130434785,1.222826086956522,18.77717391304348,2.989130434782609,10.054347826086957,1.2844901946611378,7,1.281566471749276
Uttarakhand,Dehradun,6890,42,106,65,31,481,76,258,17.0,405.3,High,2,2.4705882352941178,6.235294117647059,3.8235294117647056,1.8235294117647058,28.294117647058822,4.470588235294118,15.176470588235293,2.297206932006093,0,2.2994709126756345
Uttarakhand,Haridwar,5680,35,87,54,26,397,62,214,19.0,299.0,Moderate,1,1.8421052631578947,4.578947368421052,2.8421052631578947,1.3684210526315788,20.894736842105264,3.263157894736842,11.26315789473684,1.509057165089529,0,1.5110985815550046
Uttarakhand,Nainital,3560,22,55,34,16,249,40,132,9.5,374.7,Moderate,1,2.3157894736842106,5.789473684210526,3.578947368421052,1.6842105263157894,26.210526315789473,4.2105263157894735,13.894736842105262,2.0859991414579246,0,2.073703563108024
Uttarakhand,Udham_Singh_Nagar,4560,28,70,43,20,318,50,170,16.5,276.4,Moderate,1,1.696969696969697,4.242424242424242,2.606060606060606,1.2121212121212122,19.272727272727273,3.0303030303030303,10.303030303030303,1.3324871075907774,0,1.3316792054329178
West_Bengal,24_Parganas_North,12560,77,193,118,58,878,140,470,101.0,124.4,Safe,0,0.7623762376237624,1.9108910891089108,1.1683168316831682,0.5742574257425742,8.693069306930694,1.3861386138613863,4.653465346534653,0.20568649254135699,7,0.204880976801541
West_Bengal,24_Parganas_South,9890,61,152,93,45,691,110,370,81.5,121.3,Safe,0,0.7484662576687117,1.8650306748466259,1.1411042944785277,0.5521472392638037,8.478527607361963,1.3496932515337423,4.539877300613497,0.18334273283326133,7,0.18163166237626605
West_Bengal,Bardhaman,8920,55,137,84,40,623,98,332,77.2,115.5,Safe,0,0.7124352331606217,1.7746113989637304,1.088082901554404,0.5181347150259067,8.069948186528498,1.2694300518134713,4.300518134715025,0.13793503887284317,7,0.1367565186344573
West_Bengal,Hooghly,7450,46,114,70,34,520,82,280,55.2,135.0,Safe,0,0.8333333333333334,2.065217391304348,1.2681159420289856,0.6159420289855073,9.420289855072465,1.4855072463768118,5.072463768115942,0.28324699130612885,7,0.282808596143874
West_Bengal,Howrah,9230,57,141,87,42,645,102,346,48.5,190.3,Moderate,1,1.175257731958763,2.9072164948453607,1.7938144329896908,0.865979381443299,13.298969072164947,2.1030927835051547,7.1340206185567006,0.6960278871158593,7,0.6954961543713954
West_Bengal,Kolkata,28560,175,438,270,130,1996,316,1065,44.9,636.1,High,2,3.8975501113585747,9.755011135857462,6.013363028953229,2.89532293986637,44.4543429844098,7.0378619153674835,23.719376391982184,4.020284254920547,7,4.0204383248411455
West_Bengal,Murshidabad,6890,42,106,65,31,481,76,258,71.0,97.0,Safe,0,0.5915492957746479,1.4929577464788732,0.9154929577464789,0.4366197183098592,6.774647887323944,1.0704225352112677,3.6338028169014085,0.0,0,0.0
West_Bengal,Nadia,5680,35,87,54,26,397,62,214,51.7,109.9,Safe,0,0.6769825918762089,1.6827852998065764,1.0444874274661509,0.5029013539651838,7.678916827852999,1.1992263056092844,4.139264990328821,0.09716860730699575,0,0.09746803650657272
